customer_id,customer_name,segment
1,Lycoris Saunders,Consumer
2,Mark Van Huff,Consumer
3,Chad Sievert,Consumer
4,Arthur Prichep,Consumer
5,Jeremy Farry,Consumer
6,William Brown,Consumer
7,Joseph Airdo,Consumer
8,Susan Pistek,Consumer
9,Rob Lucas,Consumer
10,Katherine Ducich,Consumer
11,Justin MacKendrick,Consumer
12,Rob Dowd,Consumer
13,Alan Barnes,Consumer
14,Andy Reiter,Consumer
15,Logan Haushalter,Consumer
16,Andrew Roberts,Consumer
17,Nathan Gelder,Consumer
18,Darren Powers,Consumer
19,Toby Swindell,Consumer
20,Kunst Miller,Consumer
21,Arianne Irving,Consumer
22,Clay Ludtke,Consumer
23,Scot Wooten,Consumer
24,Chris Cortes,Consumer
25,Logan Currie,Consumer
26,Jason Fortune-,Consumer
27,Jas O'Carroll,Consumer
28,Trudy Brown,Consumer
29,Ted Trevino,Consumer
30,Denny Ordway,Consumer
31,Lynn Smith,Consumer
32,Olvera Toch,Consumer
33,Bill Donatelli,Consumer
34,Mike Vittorini,Consumer
35,Guy Thornton,Consumer
36,Christopher Conant,Consumer
37,Jill Matthias,Consumer
38,Pamela Stobb,Consumer
39,Cindy Chapman,Consumer
40,Joel Eaton,Consumer
41,Xylona Preis,Consumer
42,Sean O'Donnell,Consumer
43,Clytie Kelty,Consumer
44,Lauren Leatherbury,Consumer
45,Dorothy Dickinson,Consumer
46,Dianna Vittorini,Consumer
47,Craig Carreira,Consumer
48,Thomas Thornton,Consumer
49,Tracy Blumstein,Consumer
50,Kean Thornton,Consumer
51,Liz Carlisle,Consumer
52,John Murray,Consumer
53,Duane Benoit,Consumer
54,Guy Armstrong,Consumer
55,Emily Phan,Consumer
56,Clay Cheatham,Consumer
57,Steven Roelle,Home Office
58,Andy Yotov,Corporate
59,Aaron Hawkins,Corporate
60,Vicky Freymann,Home Office
61,Janet Molinari,Corporate
62,Greg Guthrie,Corporate
63,Paul Lucas,Home Office
64,Matt Abelman,Home Office
65,Mike Caudle,Corporate
66,Alice McCarthy,Corporate
67,Bart Pistole,Corporate
68,Deanra Eno,Home Office
69,Anthony Jacobs,Corporate
70,Catherine Glotzbach,Home Office
71,Meg O'Connel,Home Office
72,Rick Wilson,Corporate
73,Yoseph Carroll,Corporate
74,Steve Nguyen,Home Office
75,Darren Budd,Corporate
76,Sean Miller,Home Office
77,Sample Company A,Home Office
78,Suzanne McNair,Corporate
79,Ross DeVincentis,Home Office
80,Karen Ferguson,Home Office
81,Ricardo Sperren,Corporate
82,Nancy Lomonaco,Home Office
83,Ross Baird,Home Office
84,Adam Hart,Corporate
85,Scot Coram,Corporate
86,Jim Sink,Corporate
87,Laura Armstrong,Corporate
88,Carl Weiss,Home Office
89,Tiffany House,Corporate
90,Anne Pryor,Home Office
91,Henry Goldwyn,Corporate
92,Grace Kelly,Corporate
93,Bradley Talbott,Home Office
94,Noel Staavos,Corporate
95,Saphhira Shifley,Corporate
96,Roland Schwarz,Corporate
97,Chris Selesnick,Corporate
98,Rick Bensley,Home Office
99,Frank Hawley,Corporate
100,John Lee,Consumer
101,Marc Harrigan,Home Office
102,Brosina Hoffman,Consumer
103,Filia McAdams,Corporate
104,Anthony Rawles,Corporate
105,Alejandro Ballentine,Home Office
106,Tracy Collins,Home Office
107,Richard Bierner,Consumer
108,Frank Preis,Consumer
109,Michael Chen,Consumer
110,Annie Zypern,Consumer
111,Pauline Chand,Home Office
112,George Bell,Corporate
113,Skye Norling,Home Office
114,Frank Carlisle,Home Office
115,Paul Gonzalez,Consumer
116,Pauline Webber,Corporate
117,Tom Stivers,Corporate
118,Lena Radford,Consumer
119,Carlos Soltero,Consumer
120,Tim Brockman,Consumer
121,Maribeth Schnelling,Consumer
122,Fred Hopkins,Corporate
123,Tonja Turnell,Home Office
124,Emily Ducich,Home Office
125,Sung Pak,Corporate
126,Barry Pond,Corporate
127,Tom Boeckenhauer,Consumer
128,Erin Ashbrook,Corporate
129,Ben Wallace,Consumer
130,Stuart Calhoun,Consumer
131,Dave Poirier,Corporate
132,Sonia Cooley,Consumer
133,Robert Waldorf,Consumer
134,Zuschuss Carroll,Consumer
135,Joe Elijah,Consumer
136,Alyssa Tate,Home Office
137,Bradley Nguyen,Consumer
138,Patrick O'Donnell,Consumer
139,Paul Stevenson,Home Office
140,Barry Blumstein,Corporate
141,Todd Sumrall,Corporate
142,Shahid Shariari,Consumer
143,Justin Deggeller,Corporate
144,Sanjit Chand,Consumer
145,Joni Blumstein,Consumer
146,Cynthia Delaney,Home Office
147,Muhammed MacIntyre,Corporate
148,Christopher Schild,Home Office
149,Charlotte Melton,Consumer
150,Harry Marie,Corporate
151,Karen Daniels,Consumer
152,Matt Collins,Consumer
153,Matthew Clasen,Corporate
154,Darrin Van Huff,Corporate
155,Larry Blacks,Consumer
156,Phillip Flathmann,Consumer
157,Eudokia Martin,Corporate
158,Julie Prescott,Home Office
159,Cynthia Voltz,Corporate
160,Jason Klamczynski,Corporate
161,Steven Cartwright,Consumer
162,Michelle Tran,Home Office
163,Zuschuss Donatelli,Consumer
164,George Ashbrook,Consumer
165,Joy Bell-,Consumer
166,Brendan Murry,Corporate
167,Gary Hansen,Home Office
168,Ben Ferrer,Home Office
169,Bill Tyler,Corporate
170,Linda Southworth,Corporate
171,Hunter Glantz,Consumer
172,Sarah Brown,Consumer
173,Charles Crestani,Consumer
174,Anne McFarland,Consumer
175,Yana Sorensen,Corporate
176,Arthur Gainer,Consumer
177,Anna Häberlin,Corporate
178,Jonathan Howell,Consumer
179,Sarah Bern,Consumer
180,Ken Dana,Corporate
181,Katherine Nockton,Corporate
182,Ralph Arnett,Consumer
183,Keith Dawkins,Corporate
184,Paul Van Hugh,Home Office
185,Katrina Edelman,Corporate
186,Michelle Arnett,Home Office
187,Julie Creighton,Corporate
188,Ann Blume,Corporate
189,Tim Taslimi,Corporate
190,Cassandra Brandow,Consumer
191,Shaun Chance,Corporate
192,Roy Phan,Corporate
193,Robert Marley,Home Office
194,Kean Takahito,Consumer
195,Jennifer Braxton,Corporate
196,Tracy Zic,Consumer
197,Barry Franz,Home Office
198,Alan Shonely,Consumer
199,Ruben Ausman,Corporate
200,Khloe Miller,Consumer
201,Cathy Armstrong,Home Office
202,Edward Hooks,Corporate
203,Jonathan Doherty,Corporate
204,Matt Connell,Corporate
205,Gary McGarr,Consumer
206,George Zrebassa,Corporate
207,Annie Thurman,Consumer
208,Karen Bern,Corporate
209,Cindy Stewart,Consumer
210,Mick Crebagga,Consumer
211,Brian Dahlen,Consumer
212,Christina Anderson,Consumer
213,Damala Kotsonis,Corporate
214,Alex Avila,Consumer
215,Paul Knutson,Home Office
216,Chuck Magee,Consumer
217,Darrin Sayre,Home Office
218,Michelle Ellison,Corporate
219,Naresj Patel,Consumer
220,Nick Crebassa,Corporate
221,Ken Lonsdale,Consumer
222,Sonia Sunley,Consumer
223,Victoria Pisteka,Corporate
224,Dennis Pardue,Home Office
225,Jim Kriz,Home Office
226,Erica Smith,Consumer
227,Herbert Flentye,Consumer
228,Julia Dunbar,Consumer
229,Shirley Jackson,Consumer
230,Duane Noonan,Consumer
231,Rachel Payne,Corporate
232,Shahid Hopkins,Consumer
233,Jeremy Pistek,Consumer
234,Scott Cohen,Corporate
235,Thomas Seio,Corporate
236,Duane Huffman,Home Office
237,Sheri Gordon,Consumer
238,Alan Hwang,Consumer
239,Anthony Johnson,Corporate
240,James Lanier,Home Office
241,Ken Black,Corporate
242,Patrick O'Brill,Consumer
243,Lena Cacioppo,Consumer
244,Helen Andreada,Consumer
245,David Smith,Corporate
246,David Bremer,Corporate
247,Rick Huthwaite,Home Office
248,Nona Balk,Corporate
249,Ashley Jarboe,Consumer
250,Art Ferguson,Consumer
251,Meg Tillman,Consumer
252,Theresa Swint,Corporate
253,Dean Katz,Corporate
254,Brian Thompson,Consumer
255,Eric Barreto,Consumer
256,Ruben Dartt,Consumer
257,Anna Andreadi,Consumer
258,Raymond Buch,Consumer
259,Dionis Lloyd,Corporate
260,Becky Castell,Home Office
261,Rob Williams,Corporate
262,Pete Kriz,Consumer
263,Sam Zeldin,Home Office
264,Chuck Clark,Home Office
265,Greg Maxwell,Corporate
266,Julia West,Consumer
267,Pamela Coakley,Corporate
268,Rose O'Brian,Consumer
269,Ralph Ritter,Consumer
270,Heather Jas,Home Office
271,Mike Kennedy,Consumer
272,Doug Bickford,Consumer
273,Stefania Perrino,Corporate
274,Christopher Martinez,Consumer
275,Tamara Manning,Consumer
276,Caroline Jumper,Consumer
277,Vivek Gonzalez,Consumer
278,Michael Moore,Consumer
279,Eugene Hildebrand,Home Office
280,Sally Hughsby,Corporate
281,Bill Stewart,Corporate
282,Jesus Ocampo,Home Office
283,Don Jones,Corporate
284,Darren Koutras,Consumer
285,Michelle Moray,Consumer
286,Charles Sheldon,Corporate
287,Matt Hagelstein,Corporate
288,Erin Creighton,Consumer
289,Eric Murdock,Consumer
290,Bruce Degenhardt,Consumer
291,Jay Kimmel,Consumer
292,Nora Preis,Consumer
293,Lisa Ryan,Corporate
294,Maxwell Schwartz,Consumer
295,Aleksandra Gannaway,Corporate
296,Rick Duston,Consumer
297,Craig Yedwab,Corporate
298,Bruce Stewart,Consumer
299,Neil Knudson,Home Office
300,Frank Gastineau,Home Office
301,Hilary Holden,Corporate
302,Jamie Kunitz,Consumer
303,Frank Merwin,Home Office
304,Patrick Jones,Corporate
305,Patrick Gardner,Consumer
306,Bradley Drucker,Consumer
307,Victoria Wilson,Corporate
308,Keith Herrera,Consumer
309,Alan Schoenberger,Corporate
310,Denise Monton,Corporate
311,Gary Zandusky,Consumer
312,Kristen Hastings,Corporate
313,Nathan Mautz,Home Office
314,Roger Demir,Consumer
315,Georgia Rosenberg,Corporate
316,Steve Carroll,Home Office
317,Lindsay Shagiari,Home Office
318,Erica Hernandez,Home Office
319,Cyma Kinney,Corporate
320,Nick Zandusky,Home Office
321,Denny Joy,Corporate
322,Greg Tran,Consumer
323,Karen Carlisle,Corporate
324,Dorothy Wardle,Corporate
325,Alejandro Savely,Corporate
326,Adrian Hane,Home Office
327,Alan Dominguez,Home Office
328,Lindsay Williams,Corporate
329,Troy Staebel,Consumer
330,Mike Pelletier,Home Office
331,Patrick Ryan,Consumer
332,Ed Jacobs,Consumer
333,Deborah Brumfield,Home Office
334,Maya Herman,Corporate
335,Thea Hendricks,Consumer
336,Adam Shillingsburg,Consumer
337,Bart Watters,Corporate
338,Bruce Geld,Consumer
339,Philip Fox,Consumer
340,Sean Braxton,Corporate
341,Bryan Spruell,Home Office
342,Jay Fein,Consumer
343,Maria Zettner,Home Office
344,John Grady,Corporate
345,Brian Stugart,Consumer
346,Dennis Kane,Consumer
347,Michael Granlund,Home Office
348,Julie Kriz,Home Office
349,Ivan Gibson,Consumer
350,Max Jones,Consumer
351,Kelly Collister,Consumer
352,Jane Waco,Corporate
353,Irene Maddox,Consumer
354,Kelly Andreada,Consumer
355,Shaun Weien,Consumer
356,Astrea Jones,Consumer
357,Scott Williamson,Consumer
358,Toby Carlisle,Consumer
359,Beth Thompson,Home Office
360,Greg Matthias,Consumer
361,Larry Tron,Consumer
362,Nick Radford,Consumer
363,Frank Atkinson,Corporate
364,Sanjit Engle,Consumer
365,David Flashing,Consumer
366,Tanja Norvell,Home Office
367,Laurel Workman,Corporate
368,Luke Schmidt,Corporate
369,Maribeth Dona,Consumer
370,Berenike Kampe,Consumer
371,Nathan Cano,Consumer
372,Stephanie Phelps,Corporate
373,Christine Sundaresam,Consumer
374,Odella Nelson,Corporate
375,Richard Eichhorn,Consumer
376,Ryan Akin,Consumer
377,Neoma Murray,Consumer
378,Trudy Glocke,Consumer
379,Maribeth Yedwab,Corporate
380,Sandra Glassco,Consumer
381,Mary Zewe,Corporate
382,Eileen Kiefer,Home Office
383,Helen Abelman,Consumer
384,Dianna Wilson,Home Office
385,Vivian Mathis,Consumer
386,Stewart Visinsky,Consumer
387,Chloris Kastensmidt,Consumer
388,Roy Collins,Consumer
389,Roland Fjeld,Consumer
390,Laurel Beltran,Home Office
391,Joseph Holt,Consumer
392,Liz Preis,Consumer
393,Eugene Barchas,Consumer
394,Dan Lawera,Consumer
395,Daniel Byrd,Home Office
396,Lena Creighton,Consumer
397,Roy Französisch,Consumer
398,Jasper Cacioppo,Consumer
399,Sean Christensen,Consumer
400,Eugene Moren,Home Office
401,Frank Olsen,Consumer
402,Jamie Frazer,Consumer
403,Fred Chung,Corporate
404,Becky Martin,Consumer
405,Christina VanderZanden,Consumer
406,Dave Hallsten,Corporate
407,Luke Weiss,Consumer
408,Trudy Schmidt,Consumer
409,Nicole Hansen,Corporate
410,Jeremy Lonsdale,Consumer
411,Dan Reichenbach,Corporate
412,Anthony Witt,Consumer
413,Eva Jacobs,Consumer
414,Joe Kamberova,Consumer
415,Neola Schneider,Consumer
416,Marc Crier,Consumer
417,Justin Ellison,Corporate
418,Matt Collister,Corporate
419,Thomas Brumley,Home Office
420,Brenda Bowman,Corporate
421,Brad Norvell,Corporate
422,Luke Foster,Consumer
423,Kalyca Meade,Corporate
424,Christine Abelman,Corporate
425,Sue Ann Reed,Consumer
426,Gene McClure,Consumer
427,Elizabeth Moffitt,Corporate
428,Katherine Murray,Home Office
429,Penelope Sewall,Home Office
430,Sanjit Jacobs,Home Office
431,Delfina Latchford,Consumer
432,Dave Brooks,Consumer
433,Brendan Dodson,Home Office
434,Carlos Daly,Consumer
435,Katrina Bavinger,Home Office
436,Ken Heidel,Corporate
437,Edward Becker,Corporate
438,Alex Grayson,Consumer
439,Brooke Gillingham,Corporate
440,Grant Thornton,Corporate
441,Kristina Nunn,Home Office
442,Tamara Chand,Corporate
443,Benjamin Venier,Corporate
444,Nora Pelletier,Home Office
445,Neil Ducich,Corporate
446,Bill Eplett,Home Office
447,Aimee Bixby,Consumer
448,Bryan Mills,Consumer
449,Daniel Lacy,Consumer
450,Karl Braun,Consumer
451,Christy Brittain,Consumer
452,Ted Butterfield,Consumer
453,Maureen Gnade,Consumer
454,Natalie DeCherney,Consumer
455,Emily Grady,Consumer
456,Chris McAfee,Consumer
457,Joni Wasserman,Consumer
458,Hunter Lopez,Consumer
459,Bobby Trafton,Consumer
460,Toby Braunhardt,Consumer
461,Allen Goldenen,Consumer
462,Darrin Martin,Consumer
463,Mitch Webber,Consumer
464,Lisa DeCherney,Consumer
465,Katharine Harms,Corporate
466,Philip Brown,Consumer
467,Lindsay Castell,Home Office
468,John Huston,Consumer
469,John Lucas,Consumer
470,Natalie Webber,Consumer
471,Edward Nazzal,Consumer
472,Tracy Hopkins,Home Office
473,Brendan Sweed,Corporate
474,Andy Gerbode,Corporate
475,Peter Fuller,Consumer
476,Jennifer Jackson,Consumer
477,Philisse Overcash,Home Office
478,Mark Cousins,Corporate
479,Rick Reed,Corporate
480,Thomas Boland,Corporate
481,Cindy Schnelling,Corporate
482,Sally Matthias,Consumer
483,Stephanie Ulpright,Home Office
484,Steven Ward,Corporate
485,Helen Wasserman,Corporate
486,Jennifer Patt,Corporate
487,Michael Grace,Home Office
488,Corinna Mitchell,Home Office
489,Denny Blanton,Consumer
490,Harold Ryan,Corporate
491,Tamara Dahlen,Consumer
492,Sally Knutson,Consumer
493,Cari Schnelling,Consumer
494,Ann Chong,Corporate
495,Seth Vernon,Consumer
496,Katrina Willman,Consumer
497,Craig Reiter,Consumer
498,Tom Ashbrook,Home Office
499,Lori Olson,Corporate
500,Deirdre Greer,Corporate
501,Chuck Sachs,Consumer
502,Bart Folk,Consumer
503,Doug Jacobs,Consumer
504,Jennifer Ferguson,Consumer
505,Susan Gilcrest,Corporate
506,Barbara Fisher,Corporate
507,Erin Mull,Consumer
508,Paul Prost,Home Office
509,Dan Campbell,Consumer
510,Sara Luxemburg,Home Office
511,Nicole Fjeld,Home Office
512,Jessica Myrick,Consumer
513,Roger Barcio,Home Office
514,Bobby Odegard,Consumer
515,Mark Packer,Home Office
516,Brian Moss,Corporate
517,Jeremy Ellison,Consumer
518,Don Weiss,Consumer
519,Sarah Foster,Consumer
520,Liz MacKendrick,Consumer
521,Denise Leinenbach,Consumer
522,Todd Boyes,Corporate
523,Mark Haberlin,Corporate
524,Linda Cazamias,Corporate
525,Sharelle Roach,Home Office
526,Resi Pölking,Consumer
527,Don Miller,Corporate
528,Craig Carroll,Consumer
529,Dean percer,Home Office
530,Adrian Barton,Consumer
531,Sibella Parks,Corporate
532,Fred McMath,Consumer
533,Parhena Norris,Home Office
534,Bryan Davis,Consumer
535,Maria Bertelson,Consumer
536,Ellis Ballard,Corporate
537,James Galang,Consumer
538,Amy Hunt,Consumer
539,Mathew Reese,Home Office
540,Cyra Reiten,Home Office
541,Victor Preis,Home Office
542,Christine Phan,Corporate
543,Barry Weirich,Consumer
544,Mark Hamilton,Consumer
545,Aaron Smayling,Corporate
546,Rick Hansen,Consumer
547,Russell Applegate,Consumer
548,Chad McGuire,Consumer
549,Monica Federle,Corporate
550,Valerie Dominguez,Consumer
551,Amy Cox,Consumer
552,Janet Lee,Consumer
553,Brian Derr,Consumer
554,Speros Goranitis,Consumer
555,Giulietta Baptist,Consumer
556,Janet Martin,Consumer
557,Adam Bellavance,Home Office
558,Nat Carroll,Consumer
559,Roland Murray,Consumer
560,John Castell,Consumer
561,Allen Rosenblatt,Corporate
562,Henia Zydlo,Consumer
563,Becky Pak,Consumer
564,Harry Greene,Consumer
565,Christina DeMoss,Consumer
566,Carol Darley,Consumer
567,Adrian Shami,Home Office
568,Allen Armold,Consumer
569,David Kendrick,Corporate
570,Aaron Bergman,Consumer
571,Bill Shonely,Corporate
572,Robert Dilbeck,Home Office
573,Shahid Collister,Consumer
574,Michelle Huthwaite,Consumer
575,Max Engle,Consumer
576,Tamara Willingham,Home Office
577,Candace McMahon,Corporate
578,MaryBeth Skach,Consumer
579,Valerie Mitchum,Home Office
580,Liz Pelletier,Consumer
581,Tom Prescott,Consumer
582,Cari Sayre,Corporate
583,Ben Peterman,Corporate
584,Ken Brennan,Corporate
585,Marina Lichtenstein,Corporate
586,Craig Molinari,Corporate
587,Dorris liebe,Corporate
588,Gary Hwang,Consumer
589,Evan Bailliet,Consumer
590,Joy Daniels,Consumer
591,Ann Steele,Home Office
592,Toby Ritter,Consumer
593,Angele Hood,Consumer
594,Rob Beeghly,Consumer
595,Fred Harton,Consumer
596,Dana Kaydos,Consumer
597,Christine Kargatis,Home Office
598,Kimberly Carter,Corporate
599,Erica Hackney,Consumer
600,Jim Karlsson,Consumer
601,Clay Rozendal,Home Office
602,Jenna Caffey,Consumer
603,Ionia McGrath,Consumer
604,Alejandro Grove,Consumer
605,Neil Französisch,Home Office
606,Dennis Bolton,Home Office
607,Shui Tom,Consumer
608,Ivan Liston,Consumer
609,Patrick Bzostek,Home Office
610,Kelly Lampkin,Corporate
611,Benjamin Farhat,Home Office
612,David Wiener,Corporate
613,Stuart Van,Corporate
614,Jim Mitchum,Corporate
615,Susan Vittorini,Consumer
616,Muhammed Yedwab,Corporate
617,Randy Ferguson,Corporate
618,Raymond Messe,Consumer
619,Shirley Schmidt,Home Office
620,Thea Hudgings,Corporate
621,Jim Epp,Corporate
622,Maris LaWare,Consumer
623,Claudia Bergmann,Corporate
624,Pierre Wener,Consumer
625,Laurel Elliston,Consumer
626,Brad Eason,Home Office
627,Michael Paige,Corporate
628,Sylvia Foulston,Corporate
629,Harold Pawlan,Home Office
630,Peter McVee,Home Office
631,Brad Thomas,Home Office
632,Dave Kipp,Consumer
633,Cathy Prescott,Corporate
634,Jim Radford,Consumer
635,Maureen Fritzler,Corporate
636,Daniel Raglin,Home Office
637,Michael Kennedy,Corporate
638,Harold Engle,Corporate
639,Tony Chapman,Home Office
640,Dianna Arnett,Home Office
641,Michael Nguyen,Consumer
642,Nat Gilpin,Corporate
643,Dorothy Badders,Corporate
644,Michael Dominguez,Corporate
645,Liz Willingham,Consumer
646,Magdelene Morse,Consumer
647,Gary Mitchum,Home Office
648,Ed Ludwig,Home Office
649,Jason Gross,Corporate
650,Carol Triggs,Consumer
651,Sung Shariari,Consumer
652,Harold Dahlen,Home Office
653,Guy Phonely,Corporate
654,Doug O'Connell,Consumer
655,Eleni McCrary,Corporate
656,Alex Russell,Corporate
657,Carl Ludwig,Consumer
658,Sandra Flanagan,Consumer
659,Corey Roper,Home Office
660,Eric Hoffmann,Consumer
661,Phillina Ober,Home Office
662,Erin Smith,Corporate
663,Shirley Daniels,Home Office
664,Vivek Grady,Corporate
665,Cynthia Arntzen,Consumer
666,Liz Thompson,Consumer
667,Theresa Coyne,Corporate
668,Nora Paige,Consumer
669,Dean Braden,Consumer
670,Jack O'Briant,Corporate
671,Robert Barroso,Corporate
672,Karen Seio,Corporate
673,Lena Hernandez,Consumer
674,John Stevenson,Consumer
675,Julia Barnett,Home Office
676,Anemone Ratner,Consumer
677,Theone Pippenger,Consumer
678,Debra Catini,Consumer
679,Victoria Brennan,Corporate
680,Maria Etezadi,Home Office
681,Mick Hernandez,Home Office
682,Beth Fritzler,Corporate
683,Peter Bühler,Consumer
684,Anna Gayman,Consumer
685,Juliana Krohn,Consumer
686,Giulietta Weimer,Consumer
687,Katherine Hughes,Consumer
688,Maurice Satty,Consumer
689,Fred Wasserman,Corporate
690,Stewart Carmichael,Corporate
691,Corey-Lock,Consumer
692,Joy Smith,Consumer
693,Carol Adams,Corporate
694,Natalie Fritzler,Consumer
695,Giulietta Dortch,Corporate
696,Mitch Willingham,Corporate
697,Anthony Garverick,Home Office
698,Joel Jenkins,Home Office
699,Rob Haberlin,Consumer
700,Max Ludwig,Home Office
701,Jill Fjeld,Consumer
702,Quincy Jones,Corporate
703,Evan Minnotte,Home Office
704,Barry Gonzalez,Consumer
705,Noah Childs,Corporate
706,Pete Armstrong,Home Office
707,Ralph Kennedy,Consumer
708,Steve Chapman,Corporate
709,Anna Chung,Consumer
710,Chad Cunningham,Home Office
711,Hallie Redmond,Home Office
712,Justin Ritter,Corporate
713,Elpida Rittenbach,Corporate
714,Bill Overfelt,Corporate
715,Arthur Wiediger,Home Office
716,Joni Sundaresam,Home Office
717,Kelly Williams,Consumer
718,Michael Stewart,Corporate
719,Sean Wendt,Home Office
720,Andrew Allen,Consumer
721,Mick Brown,Consumer
722,Benjamin Patterson,Consumer
723,Tony Molinari,Consumer
724,Craig Leslie,Home Office
725,Matthew Grinstein,Home Office
726,Barry Französisch,Corporate
727,Brian DeCherney,Consumer
728,Roy Skaria,Home Office
729,Paul MacIntyre,Consumer
730,Heather Kirkland,Corporate
731,Sam Craven,Consumer
732,Dario Medina,Corporate
733,Andrew Gjertsen,Corporate
734,Ryan Crowe,Consumer
735,Cathy Hwang,Home Office
736,Patricia Hirasaki,Home Office
737,Valerie Takahito,Home Office
738,Maureen Gastineau,Home Office
739,Carl Jackson,Corporate
740,Phillip Breyer,Corporate
741,Lela Donovan,Corporate
742,Tracy Poddar,Corporate
743,Stefanie Holloman,Corporate
744,Michelle Lonsdale,Corporate
745,Alan Haines,Corporate
746,Mitch Gastineau,Corporate
747,Erica Bern,Corporate
748,Corey Catlett,Corporate
749,Cari MacIntyre,Corporate
750,Gene Hale,Corporate
751,Jill Stevenson,Corporate
752,Tom Zandusky,Corporate
753,Ed Braxton,Corporate
754,Kean Nguyen,Corporate
755,Nicole Brennan,Corporate
756,Alyssa Crouse,Corporate
757,Anthony O'Donnell,Corporate
758,Lisa Hazard,Consumer
759,Bobby Elias,Consumer
760,Mary O'Rourke,Consumer
761,Justin Hirsh,Consumer
762,Melanie Seite,Consumer
763,Sarah Jordon,Consumer
764,Jocasta Rupert,Consumer
765,Muhammed Lee,Consumer
766,Jennifer Halladay,Consumer
767,Pauline Johnson,Consumer
768,Russell D'Ascenzo,Consumer
769,Carlos Meador,Consumer
770,Greg Hansen,Consumer
771,John Dryer,Consumer
772,Vivek Sundaresam,Consumer
773,Randy Bradley,Consumer
774,Art Foster,Consumer
775,Ricardo Emerson,Consumer
776,Henry MacAllister,Consumer
777,Jack Lebron,Consumer
778,David Philippe,Consumer
779,Pete Takahito,Consumer
780,Larry Hughes,Consumer
781,Claire Gute,Consumer
782,Charles McCrossin,Consumer
783,Thais Sissman,Consumer
784,Mike Gockenbach,Consumer
785,Susan MacKendrick,Consumer
786,Sung Chung,Consumer
787,Beth Paige,Consumer
788,Jack Garza,Consumer
789,Michael Oakman,Consumer
790,Ritsa Hightower,Consumer
791,Toby Gnade,Consumer
792,Emily Burns,Consumer
793,Troy Blackwell,Consumer
794,Evan Henry,Consumer
795,Tony Sayre,Consumer
